date,store_id,product_id,category,region,year,month,day,day_of_week,demand_real,demand_pred
2023-08-31,S003,P0009,Groceries,East,2023,8,31,Thursday,150,158.27323611111112
2023-08-31,S004,P0009,Clothing,West,2023,8,31,Thursday,96,103.72308065618591
2023-08-31,S005,P0009,Groceries,North,2023,8,31,Thursday,121,112.39455107185012
2023-09-01,S001,P0009,Clothing,North,2023,9,1,Friday,179,173.71291666666667
2023-09-01,S002,P0009,Groceries,South,2023,9,1,Friday,175,200.67041666666668
2023-09-01,S003,P0009,Groceries,East,2023,9,1,Friday,148,134.6200295698925
2023-09-01,S004,P0009,Clothing,West,2023,9,1,Friday,102,88.915
2023-09-01,S005,P0009,Groceries,North,2023,9,1,Friday,89,93.43681547619047
2023-09-02,S001,P0009,Clothing,North,2023,9,2,Saturday,26,28.317666666666668
2023-09-02,S002,P0009,Groceries,South,2023,9,2,Saturday,99,106.03447689567703
2023-09-02,S003,P0009,Groceries,East,2023,9,2,Saturday,6,26.44
2023-09-02,S004,P0009,Clothing,West,2023,9,2,Saturday,61,68.80094444444444
2023-09-02,S005,P0009,Groceries,North,2023,9,2,Saturday,154,156.21086904761904
2023-09-03,S001,P0009,Clothing,North,2023,9,3,Sunday,118,123.87166666666666
2023-09-03,S002,P0009,Groceries,South,2023,9,3,Sunday,86,93.53922023809524
2023-09-03,S003,P0009,Groceries,East,2023,9,3,Sunday,93,100.66566666666665
2023-09-03,S004,P0009,Clothing,West,2023,9,3,Sunday,67,61.7
2023-09-03,S005,P0009,Groceries,North,2023,9,3,Sunday,160,144.11242424242425
2023-09-04,S001,P0009,Clothing,North,2023,9,4,Monday,111,117.35752023924294
2023-09-04,S002,P0009,Groceries,South,2023,9,4,Monday,115,121.22928763597511
2023-09-04,S003,P0009,Groceries,East,2023,9,4,Monday,151,141.5914000750067
2023-09-04,S004,P0009,Clothing,West,2023,9,4,Monday,100,102.52283928571428
2023-09-04,S005,P0009,Groceries,North,2023,9,4,Monday,178,176.99
2023-09-05,S001,P0009,Clothing,North,2023,9,5,Tuesday,121,117.08792766955268
2023-09-05,S002,P0009,Groceries,South,2023,9,5,Tuesday,176,162.43620964411403
2023-09-05,S003,P0009,Groceries,East,2023,9,5,Tuesday,144,138.25125000000003
2023-09-05,S004,P0009,Clothing,West,2023,9,5,Tuesday,117,105.91035714285714
2023-09-05,S005,P0009,Groceries,North,2023,9,5,Tuesday,178,166.4614047619048
2023-09-06,S001,P0009,Clothing,North,2023,9,6,Wednesday,97,106.42326957618403
2023-09-06,S002,P0009,Groceries,South,2023,9,6,Wednesday,106,113.66853357059601
2023-09-06,S003,P0009,Groceries,East,2023,9,6,Wednesday,55,54.055
2023-09-06,S004,P0009,Clothing,West,2023,9,6,Wednesday,108,100.32171052631578
2023-09-06,S005,P0009,Groceries,North,2023,9,6,Wednesday,204,200.175
2023-09-07,S001,P0009,Clothing,North,2023,9,7,Thursday,103,92.48877457264956
2023-09-07,S002,P0009,Groceries,South,2023,9,7,Thursday,148,139.15499522005774
2023-09-07,S003,P0009,Groceries,East,2023,9,7,Thursday,71,64.965
2023-09-07,S004,P0009,Clothing,West,2023,9,7,Thursday,95,86.54375
2023-09-07,S005,P0009,Groceries,North,2023,9,7,Thursday,105,102.42143959060265
2023-09-08,S001,P0009,Clothing,North,2023,9,8,Friday,97,89.13767539405036
2023-09-08,S002,P0009,Groceries,South,2023,9,8,Friday,83,84.75158315295816
2023-09-08,S003,P0009,Groceries,East,2023,9,8,Friday,113,118.78317967403088
2023-09-08,S004,P0009,Clothing,West,2023,9,8,Friday,55,61.59233333333333
2023-09-08,S005,P0009,Groceries,North,2023,9,8,Friday,69,57.667200123152696
2023-09-09,S001,P0009,Clothing,North,2023,9,9,Saturday,140,147.308
2023-09-09,S002,P0009,Groceries,South,2023,9,9,Saturday,191,171.57488540299568
2023-09-09,S003,P0009,Groceries,East,2023,9,9,Saturday,177,188.14583333333331
2023-09-09,S004,P0009,Clothing,West,2023,9,9,Saturday,141,154.865
2023-09-09,S005,P0009,Groceries,North,2023,9,9,Saturday,107,115.07505844155843
2023-09-10,S001,P0009,Clothing,North,2023,9,10,Sunday,89,92.37419431153643
2023-09-10,S002,P0009,Groceries,South,2023,9,10,Sunday,112,117.50400152004424
2023-09-10,S003,P0009,Groceries,East,2023,9,10,Sunday,137,131.7116601657442
2023-09-10,S004,P0009,Clothing,West,2023,9,10,Sunday,89,98.70547727272725
2023-09-10,S005,P0009,Groceries,North,2023,9,10,Sunday,127,119.03398412698412
2023-09-11,S001,P0009,Clothing,North,2023,9,11,Monday,200,174.79165097402597
2023-09-11,S002,P0009,Groceries,South,2023,9,11,Monday,172,172.15558122106648
2023-09-11,S003,P0009,Groceries,East,2023,9,11,Monday,151,155.1629166666667
2023-09-11,S004,P0009,Clothing,West,2023,9,11,Monday,166,172.59
2023-09-12,S001,P0009,Clothing,North,2023,9,12,Tuesday,78,104.94794642857143
2023-09-12,S002,P0009,Groceries,South,2023,9,12,Tuesday,154,170.31722237484738
2023-09-12,S003,P0009,Groceries,East,2023,9,12,Tuesday,116,131.59166666666667
2023-09-12,S004,P0009,Clothing,West,2023,9,12,Tuesday,157,152.96
2023-09-12,S005,P0009,Groceries,North,2023,9,12,Tuesday,179,188.07625
2023-09-13,S001,P0009,Clothing,North,2023,9,13,Wednesday,82,78.8717466396122
2023-09-13,S002,P0009,Groceries,South,2023,9,13,Wednesday,209,203.66389957264957
2023-09-13,S004,P0009,Clothing,West,2023,9,13,Wednesday,68,85.68833333333332
2023-09-13,S005,P0009,Groceries,North,2023,9,13,Wednesday,103,113.17794155844156
2023-09-14,S001,P0009,Clothing,North,2023,9,14,Thursday,136,145.96839072039074
2023-09-14,S002,P0009,Groceries,South,2023,9,14,Thursday,101,93.954230006105
2023-09-14,S003,P0009,Groceries,East,2023,9,14,Thursday,92,101.19683333333333
2023-09-14,S004,P0009,Clothing,West,2023,9,14,Thursday,53,62.55033333333333
2023-09-14,S005,P0009,Groceries,North,2023,9,14,Thursday,106,102.95308087745589
2023-09-15,S001,P0009,Clothing,North,2023,9,15,Friday,75,60.76289675670907
2023-09-15,S002,P0009,Groceries,South,2023,9,15,Friday,133,128.02844444444443
2023-09-15,S003,P0009,Groceries,East,2023,9,15,Friday,192,179.25717559523812
2023-09-15,S004,P0009,Clothing,West,2023,9,15,Friday,134,149.4075
2023-09-15,S005,P0009,Groceries,North,2023,9,15,Friday,170,182.98266666666666
2023-09-16,S001,P0009,Clothing,North,2023,9,16,Saturday,114,119.94936695185322
2023-09-16,S002,P0009,Groceries,South,2023,9,16,Saturday,122,110.98844012310786
2023-09-16,S003,P0009,Groceries,East,2023,9,16,Saturday,86,95.20708333333334
2023-09-16,S004,P0009,Clothing,West,2023,9,16,Saturday,89,86.10819047619047
2023-09-16,S005,P0009,Groceries,North,2023,9,16,Saturday,120,115.43360102397601
2023-09-17,S001,P0009,Clothing,North,2023,9,17,Sunday,87,71.35495701852683
2023-09-17,S002,P0009,Groceries,South,2023,9,17,Sunday,166,170.28379159729167
2023-09-17,S003,P0009,Groceries,East,2023,9,17,Sunday,111,113.915
2023-09-17,S004,P0009,Clothing,West,2023,9,17,Sunday,124,112.01350595238095
2023-09-17,S005,P0009,Groceries,North,2023,9,17,Sunday,167,166.11765151515152
2023-09-18,S001,P0009,Clothing,North,2023,9,18,Monday,196,196.217
2023-09-18,S002,P0009,Groceries,South,2023,9,18,Monday,110,118.39
2023-09-18,S003,P0009,Groceries,East,2023,9,18,Monday,114,109.77678826874879
2023-09-18,S004,P0009,Clothing,West,2023,9,18,Monday,121,113.757
2023-09-18,S005,P0009,Groceries,North,2023,9,18,Monday,125,113.81440476190477
2023-09-19,S001,P0009,Clothing,North,2023,9,19,Tuesday,108,102.50645289450416
2023-09-19,S002,P0009,Groceries,South,2023,9,19,Tuesday,108,120.70886691642325
2023-09-19,S003,P0009,Groceries,East,2023,9,19,Tuesday,132,142.39984845294728
2023-09-19,S004,P0009,Clothing,West,2023,9,19,Tuesday,90,99.33
2023-09-19,S005,P0009,Groceries,North,2023,9,19,Tuesday,85,73.90300198412697
2023-09-20,S001,P0009,Clothing,North,2023,9,20,Wednesday,114,116.60343726668661
2023-09-20,S002,P0009,Groceries,South,2023,9,20,Wednesday,87,84.32926370851372
2023-09-20,S003,P0009,Groceries,East,2023,9,20,Wednesday,103,108.79104083644252
2023-09-20,S004,P0009,Clothing,West,2023,9,20,Wednesday,74,70.20661111111112
2023-09-20,S005,P0009,Groceries,North,2023,9,20,Wednesday,65,62.40785714285715
2023-09-21,S001,P0009,Clothing,North,2023,9,21,Thursday,101,93.2931998001998
2023-09-21,S002,P0009,Groceries,South,2023,9,21,Thursday,70,75.95509276505659
2023-09-21,S003,P0009,Groceries,East,2023,9,21,Thursday,184,170.09418639693638
2023-09-21,S004,P0009,Clothing,West,2023,9,21,Thursday,124,128.64566596638656
2023-09-21,S005,P0009,Groceries,North,2023,9,21,Thursday,68,81.18318831314882
2023-09-22,S001,P0009,Clothing,North,2023,9,22,Friday,85,79.74917651711031
2023-09-22,S002,P0009,Groceries,South,2023,9,22,Friday,77,80.94551482169362
2023-09-22,S003,P0009,Groceries,East,2023,9,22,Friday,141,146.40835771173272
2023-09-22,S004,P0009,Clothing,West,2023,9,22,Friday,106,116.56397657244717
2023-09-22,S005,P0009,Groceries,North,2023,9,22,Friday,108,113.31899999999997
2023-09-23,S001,P0009,Clothing,North,2023,9,23,Saturday,75,61.53801031880056
2023-09-23,S002,P0009,Groceries,South,2023,9,23,Saturday,96,118.78
2023-09-23,S003,P0009,Groceries,East,2023,9,23,Saturday,104,99.73666666666668
2023-09-23,S005,P0009,Groceries,North,2023,9,23,Saturday,181,200.65099999999998
2023-09-24,S001,P0009,Clothing,North,2023,9,24,Sunday,137,123.69242624223605
2023-09-24,S002,P0009,Groceries,South,2023,9,24,Sunday,151,133.53894334661504
2023-09-24,S003,P0009,Groceries,East,2023,9,24,Sunday,124,120.49301016467194
2023-09-24,S004,P0009,Clothing,West,2023,9,24,Sunday,25,22.71375
2023-09-24,S005,P0009,Groceries,North,2023,9,24,Sunday,53,55.318633942446425
2023-09-25,S001,P0009,Clothing,North,2023,9,25,Monday,178,170.9126666666667
2023-09-25,S002,P0009,Groceries,South,2023,9,25,Monday,109,115.55840531744225
2023-09-25,S003,P0009,Groceries,East,2023,9,25,Monday,106,98.58359561783247
2023-09-25,S004,P0009,Clothing,West,2023,9,25,Monday,49,55.265874999999994
2023-09-25,S005,P0009,Groceries,North,2023,9,25,Monday,75,67.15287500000001
2023-09-26,S001,P0009,Clothing,North,2023,9,26,Tuesday,138,127.47914880952385
2023-09-26,S002,P0009,Groceries,South,2023,9,26,Tuesday,117,111.48604863001205
2023-09-26,S003,P0009,Groceries,East,2023,9,26,Tuesday,150,137.3416898656899
2023-09-26,S004,P0009,Clothing,West,2023,9,26,Tuesday,68,79.89628571428571
2023-09-26,S005,P0009,Groceries,North,2023,9,26,Tuesday,81,93.08619150987899
2023-09-27,S001,P0009,Clothing,North,2023,9,27,Wednesday,74,75.6571322767555
2023-09-27,S002,P0009,Groceries,South,2023,9,27,Wednesday,59,60.63756224045563
2023-09-27,S003,P0009,Groceries,East,2023,9,27,Wednesday,114,120.56388962054885
2023-09-27,S004,P0009,Clothing,West,2023,9,27,Wednesday,85,99.33200000000001
2023-09-27,S005,P0009,Groceries,North,2023,9,27,Wednesday,145,136.43709267937945
2023-09-28,S001,P0009,Clothing,North,2023,9,28,Thursday,170,155.59171153846154
2023-09-28,S002,P0009,Groceries,South,2023,9,28,Thursday,84,93.6163485680986
2023-09-28,S003,P0009,Groceries,East,2023,9,28,Thursday,74,72.5575
2023-09-28,S004,P0009,Clothing,West,2023,9,28,Thursday,71,75.035
2023-09-28,S005,P0009,Groceries,North,2023,9,28,Thursday,70,62.20525000000001
2023-09-29,S001,P0009,Clothing,North,2023,9,29,Friday,91,99.43375501867413
2023-09-29,S002,P0009,Groceries,South,2023,9,29,Friday,136,133.17120634920636
2023-09-29,S003,P0009,Groceries,East,2023,9,29,Friday,156,166.46973076923078
2023-09-29,S004,P0009,Clothing,West,2023,9,29,Friday,101,110.37249837662338
2023-09-29,S005,P0009,Groceries,North,2023,9,29,Friday,104,97.37500958763458
2023-09-30,S001,P0009,Clothing,North,2023,9,30,Saturday,83,80.6017053771392
2023-09-30,S002,P0009,Groceries,South,2023,9,30,Saturday,120,113.79550268481513
2023-09-30,S003,P0009,Groceries,East,2023,9,30,Saturday,113,121.52509087272806
2023-09-30,S004,P0009,Clothing,West,2023,9,30,Saturday,69,66.55
2023-09-30,S005,P0009,Groceries,North,2023,9,30,Saturday,94,108.36988227776692
2023-10-01,S001,P0009,Clothing,North,2023,10,1,Sunday,92,96.71475105042018
2023-10-01,S002,P0009,Groceries,South,2023,10,1,Sunday,54,53.03
2023-10-01,S003,P0009,Groceries,East,2023,10,1,Sunday,105,113.98006535947712
2023-10-01,S004,P0009,Clothing,West,2023,10,1,Sunday,89,100.11758928571427
2023-10-01,S005,P0009,Groceries,North,2023,10,1,Sunday,107,121.6507442141192
2023-10-02,S001,P0009,Clothing,North,2023,10,2,Monday,162,171.35875
2023-10-02,S002,P0009,Groceries,South,2023,10,2,Monday,172,197.9773717948718
2023-10-02,S003,P0009,Groceries,East,2023,10,2,Monday,166,180.33333333333337
2023-10-02,S004,P0009,Clothing,West,2023,10,2,Monday,87,101.56666666666666
2023-10-02,S005,P0009,Groceries,North,2023,10,2,Monday,211,206.49083333333337
2023-10-03,S001,P0009,Clothing,North,2023,10,3,Tuesday,79,79.63392857142857
2023-10-03,S002,P0009,Groceries,South,2023,10,3,Tuesday,192,173.69320281107784
2023-10-03,S003,P0009,Groceries,East,2023,10,3,Tuesday,42,50.45
2023-10-03,S004,P0009,Clothing,West,2023,10,3,Tuesday,97,89.555
2023-10-03,S005,P0009,Groceries,North,2023,10,3,Tuesday,141,156.56166666666667
2023-10-04,S001,P0009,Clothing,North,2023,10,4,Wednesday,92,97.56611017740428
2023-10-04,S002,P0009,Groceries,South,2023,10,4,Wednesday,45,49.965
2023-10-04,S003,P0009,Groceries,East,2023,10,4,Wednesday,144,149.27285198781098
2023-10-04,S004,P0009,Clothing,West,2023,10,4,Wednesday,52,47.21538461538461
2023-10-04,S005,P0009,Groceries,North,2023,10,4,Wednesday,170,177.505
2023-10-05,S001,P0009,Clothing,North,2023,10,5,Thursday,95,82.16305514119526
2023-10-05,S002,P0009,Groceries,South,2023,10,5,Thursday,112,104.50066927818555
2023-10-05,S003,P0009,Groceries,East,2023,10,5,Thursday,81,94.76285073260073
2023-10-05,S004,P0009,Clothing,West,2023,10,5,Thursday,121,129.22588095238095
2023-10-05,S005,P0009,Groceries,North,2023,10,5,Thursday,52,56.74158658008657
2023-10-06,S001,P0009,Clothing,North,2023,10,6,Friday,112,101.4469017469459
2023-10-06,S002,P0009,Groceries,South,2023,10,6,Friday,67,76.7079255952381
2023-10-06,S003,P0009,Groceries,East,2023,10,6,Friday,147,142.5543944641256
2023-10-06,S004,P0009,Clothing,West,2023,10,6,Friday,91,101.02944444444445
2023-10-06,S005,P0009,Groceries,North,2023,10,6,Friday,45,56.45873069985569
2023-10-07,S001,P0009,Clothing,North,2023,10,7,Saturday,156,167.15468681748064
2023-10-07,S002,P0009,Groceries,South,2023,10,7,Saturday,87,82.56258378427128
2023-10-07,S003,P0009,Groceries,East,2023,10,7,Saturday,92,80.26
2023-10-07,S004,P0009,Clothing,West,2023,10,7,Saturday,55,63.39
2023-10-07,S005,P0009,Groceries,North,2023,10,7,Saturday,64,65.30575
2023-10-08,S001,P0009,Clothing,North,2023,10,8,Sunday,149,138.01191666666665
2023-10-08,S002,P0009,Groceries,South,2023,10,8,Sunday,66,63.28
2023-10-08,S003,P0009,Groceries,East,2023,10,8,Sunday,87,99.84592105263158
2023-10-08,S004,P0009,Clothing,West,2023,10,8,Sunday,99,108.41
2023-10-08,S005,P0009,Groceries,North,2023,10,8,Sunday,164,171.37900000000002
2023-10-09,S001,P0009,Clothing,North,2023,10,9,Monday,99,91.34542992816358
2023-10-09,S002,P0009,Groceries,South,2023,10,9,Monday,75,83.41816738816739
2023-10-09,S003,P0009,Groceries,East,2023,10,9,Monday,51,51.98
2023-10-09,S004,P0009,Clothing,West,2023,10,9,Monday,132,120.14620212295443
2023-10-09,S005,P0009,Groceries,North,2023,10,9,Monday,91,103.87327335572925
2023-10-10,S001,P0009,Clothing,North,2023,10,10,Tuesday,68,71.30611167125713
2023-10-10,S002,P0009,Groceries,South,2023,10,10,Tuesday,64,57.525
2023-10-10,S003,P0009,Groceries,East,2023,10,10,Tuesday,96,102.89986861749362
2023-10-10,S004,P0009,Clothing,West,2023,10,10,Tuesday,98,99.72149999999999
2023-10-10,S005,P0009,Groceries,North,2023,10,10,Tuesday,57,58.82629166666665
2023-10-11,S001,P0009,Clothing,North,2023,10,11,Wednesday,119,115.55106865537842
2023-10-11,S002,P0009,Groceries,South,2023,10,11,Wednesday,73,71.18060999694322
2023-10-11,S003,P0009,Groceries,East,2023,10,11,Wednesday,61,60.43
2023-10-11,S004,P0009,Clothing,West,2023,10,11,Wednesday,62,71.37311111111111
2023-10-11,S005,P0009,Groceries,North,2023,10,11,Wednesday,89,95.44523307656398
2023-10-12,S001,P0009,Clothing,North,2023,10,12,Thursday,93,99.90649121711621
2023-10-12,S002,P0009,Groceries,South,2023,10,12,Thursday,64,74.10252396378134
2023-10-12,S003,P0009,Groceries,East,2023,10,12,Thursday,97,84.87979166666666
2023-10-12,S004,P0009,Clothing,West,2023,10,12,Thursday,60,53.659
2023-10-12,S005,P0009,Groceries,North,2023,10,12,Thursday,75,73.04369462481962
2023-10-13,S001,P0009,Clothing,North,2023,10,13,Friday,92,96.86153772616275
2023-10-13,S002,P0009,Groceries,South,2023,10,13,Friday,51,46.6825
2023-10-13,S003,P0009,Groceries,East,2023,10,13,Friday,30,33.02
2023-10-13,S004,P0009,Clothing,West,2023,10,13,Friday,73,81.35561699922884
2023-10-13,S005,P0009,Groceries,North,2023,10,13,Friday,38,50.77621825396825
2023-10-14,S001,P0009,Clothing,North,2023,10,14,Saturday,124,133.94894604188087
2023-10-14,S002,P0009,Groceries,South,2023,10,14,Saturday,78,69.38
2023-10-14,S003,P0009,Groceries,East,2023,10,14,Saturday,67,63.14
2023-10-14,S004,P0009,Clothing,West,2023,10,14,Saturday,115,123.58
2023-10-14,S005,P0009,Groceries,North,2023,10,14,Saturday,31,56.50833333333334
2023-10-15,S001,P0009,Clothing,North,2023,10,15,Sunday,127,139.79949681055663
2023-10-15,S002,P0009,Groceries,South,2023,10,15,Sunday,77,71.88204573350629
2023-10-15,S003,P0009,Groceries,East,2023,10,15,Sunday,77,79.06
2023-10-15,S004,P0009,Clothing,West,2023,10,15,Sunday,140,148.34075
2023-10-15,S005,P0009,Groceries,North,2023,10,15,Sunday,86,91.20294472194472
2023-10-16,S001,P0009,Clothing,North,2023,10,16,Monday,91,95.54585137248816
2023-10-16,S002,P0009,Groceries,South,2023,10,16,Monday,94,102.19229465262171
2023-10-16,S003,P0009,Groceries,East,2023,10,16,Monday,70,76.88525
2023-10-16,S004,P0009,Clothing,West,2023,10,16,Monday,43,50.41
2023-10-16,S005,P0009,Groceries,North,2023,10,16,Monday,93,80.50613209159263
2023-10-17,S001,P0009,Clothing,North,2023,10,17,Tuesday,163,165.15083333333337
2023-10-17,S002,P0009,Groceries,South,2023,10,17,Tuesday,107,100.43453736522308
2023-10-17,S003,P0009,Groceries,East,2023,10,17,Tuesday,59,56.61278174603174
2023-10-17,S004,P0009,Clothing,West,2023,10,17,Tuesday,141,147.3225
2023-10-17,S005,P0009,Groceries,North,2023,10,17,Tuesday,75,71.65518943556442
2023-10-18,S001,P0009,Clothing,North,2023,10,18,Wednesday,108,83.50962301587302
2023-10-18,S002,P0009,Groceries,South,2023,10,18,Wednesday,107,114.03
2023-10-18,S003,P0009,Groceries,East,2023,10,18,Wednesday,82,71.265
2023-10-18,S004,P0009,Clothing,West,2023,10,18,Wednesday,86,81.21209523809524
2023-10-18,S005,P0009,Groceries,North,2023,10,18,Wednesday,115,120.31729834054829
2023-10-19,S001,P0009,Clothing,North,2023,10,19,Thursday,61,59.32720451770452
2023-10-19,S002,P0009,Groceries,South,2023,10,19,Thursday,64,75.9765645481969
2023-10-19,S003,P0009,Groceries,East,2023,10,19,Thursday,46,61.565
2023-10-19,S004,P0009,Clothing,West,2023,10,19,Thursday,105,103.701505694383
2023-10-19,S005,P0009,Groceries,North,2023,10,19,Thursday,109,105.47765316627815
2023-10-20,S001,P0009,Clothing,North,2023,10,20,Friday,129,138.59265187771172
2023-10-20,S002,P0009,Groceries,South,2023,10,20,Friday,45,47.82
2023-10-20,S003,P0009,Groceries,East,2023,10,20,Friday,61,71.65
2023-10-20,S004,P0009,Clothing,West,2023,10,20,Friday,50,47.924
2023-10-20,S005,P0009,Groceries,North,2023,10,20,Friday,80,87.67890130702632
2023-10-21,S001,P0009,Clothing,North,2023,10,21,Saturday,166,154.19458333333333
2023-10-21,S002,P0009,Groceries,South,2023,10,21,Saturday,105,111.1969310966811
2023-10-21,S003,P0009,Groceries,East,2023,10,21,Saturday,111,99.745
2023-10-21,S004,P0009,Clothing,West,2023,10,21,Saturday,104,103.7
2023-10-21,S005,P0009,Groceries,North,2023,10,21,Saturday,139,148.39
2023-10-22,S001,P0009,Clothing,North,2023,10,22,Sunday,88,95.73930753968254
2023-10-22,S002,P0009,Groceries,South,2023,10,22,Sunday,96,82.89685651072784
2023-10-22,S003,P0009,Groceries,East,2023,10,22,Sunday,92,100.07342105263159
2023-10-22,S004,P0009,Clothing,West,2023,10,22,Sunday,50,54.3
2023-10-22,S005,P0009,Groceries,North,2023,10,22,Sunday,98,102.87704528804527
2023-10-23,S001,P0009,Clothing,North,2023,10,23,Monday,176,169.7993908730159
2023-10-23,S002,P0009,Groceries,South,2023,10,23,Monday,142,130.66349839009033
2023-10-23,S003,P0009,Groceries,East,2023,10,23,Monday,129,131.11
2023-10-23,S004,P0009,Clothing,West,2023,10,23,Monday,134,127.485
2023-10-23,S005,P0009,Groceries,North,2023,10,23,Monday,78,77.96916666666667
2023-10-24,S001,P0009,Clothing,North,2023,10,24,Tuesday,121,117.80355954973393
2023-10-24,S002,P0009,Groceries,South,2023,10,24,Tuesday,72,76.3518054081282
2023-10-24,S003,P0009,Groceries,East,2023,10,24,Tuesday,82,70.74125
2023-10-24,S004,P0009,Clothing,West,2023,10,24,Tuesday,131,127.9130972222222
2023-10-24,S005,P0009,Groceries,North,2023,10,24,Tuesday,46,51.02102633477632
2023-10-25,S001,P0009,Clothing,North,2023,10,25,Wednesday,118,117.7037388879237
2023-10-25,S002,P0009,Groceries,South,2023,10,25,Wednesday,76,83.54625785781123
2023-10-25,S003,P0009,Groceries,East,2023,10,25,Wednesday,163,157.55973443223448
2023-10-25,S004,P0009,Clothing,West,2023,10,25,Wednesday,133,120.21199999999999
2023-10-25,S005,P0009,Groceries,North,2023,10,25,Wednesday,190,200.78
2023-10-26,S001,P0009,Clothing,North,2023,10,26,Thursday,168,165.54952882205515
2023-10-26,S002,P0009,Groceries,South,2023,10,26,Thursday,181,173.6502491087344
2023-10-26,S003,P0009,Groceries,East,2023,10,26,Thursday,185,177.72737698412698
2023-10-26,S004,P0009,Clothing,West,2023,10,26,Thursday,151,149.635
2023-10-26,S005,P0009,Groceries,North,2023,10,26,Thursday,122,115.49747619047619
2023-10-27,S001,P0009,Clothing,North,2023,10,27,Friday,146,151.59933333333333
2023-10-27,S002,P0009,Groceries,South,2023,10,27,Friday,169,157.283
2023-10-27,S003,P0009,Groceries,East,2023,10,27,Friday,169,168.41626190476188
2023-10-27,S004,P0009,Clothing,West,2023,10,27,Friday,133,135.385
2023-10-27,S005,P0009,Groceries,North,2023,10,27,Friday,133,126.91133333333333
2023-10-28,S002,P0009,Groceries,South,2023,10,28,Saturday,178,188.92153846153843
2023-10-28,S003,P0009,Groceries,East,2023,10,28,Saturday,147,145.44277777777776
2023-10-28,S004,P0009,Clothing,West,2023,10,28,Saturday,75,81.925
2023-10-28,S005,P0009,Groceries,North,2023,10,28,Saturday,220,196.94
2023-10-29,S001,P0009,Clothing,North,2023,10,29,Sunday,126,131.3399278776779
2023-10-29,S002,P0009,Groceries,South,2023,10,29,Sunday,108,102.80157237791447
2023-10-29,S003,P0009,Groceries,East,2023,10,29,Sunday,171,171.23159523809525
2023-10-29,S004,P0009,Clothing,West,2023,10,29,Sunday,73,71.203
2023-10-29,S005,P0009,Groceries,North,2023,10,29,Sunday,171,154.10733333333334
2023-10-30,S001,P0009,Clothing,North,2023,10,30,Monday,120,112.05678512550044
2023-10-30,S002,P0009,Groceries,South,2023,10,30,Monday,99,112.41437076118325
2023-10-30,S003,P0009,Groceries,East,2023,10,30,Monday,107,118.03236116313582
2023-10-30,S004,P0009,Clothing,West,2023,10,30,Monday,83,100.45522727272729
2023-10-30,S005,P0009,Groceries,North,2023,10,30,Monday,81,84.8225440685046
2023-10-31,S001,P0009,Clothing,North,2023,10,31,Tuesday,124,112.3785944493895
2023-10-31,S002,P0009,Groceries,South,2023,10,31,Tuesday,76,82.50530555555555
2023-10-31,S003,P0009,Groceries,East,2023,10,31,Tuesday,120,118.4838388097867
2023-10-31,S004,P0009,Clothing,West,2023,10,31,Tuesday,174,156.685
2023-10-31,S005,P0009,Groceries,North,2023,10,31,Tuesday,118,113.5381655982906
2023-11-01,S001,P0009,Clothing,North,2023,11,1,Wednesday,74,82.57290187590188
2023-11-01,S002,P0009,Groceries,South,2023,11,1,Wednesday,74,85.31265277777777
2023-11-01,S003,P0009,Groceries,East,2023,11,1,Wednesday,95,84.58877976190477
2023-11-01,S004,P0009,Clothing,West,2023,11,1,Wednesday,82,89.87181818181818
2023-11-01,S005,P0009,Groceries,North,2023,11,1,Wednesday,110,102.82201013610573
2023-11-02,S001,P0009,Clothing,North,2023,11,2,Thursday,183,170.76558333333335
2023-11-02,S002,P0009,Groceries,South,2023,11,2,Thursday,177,165.5861111111111
2023-11-02,S003,P0009,Groceries,East,2023,11,2,Thursday,148,153.73545634920637
2023-11-02,S004,P0009,Clothing,West,2023,11,2,Thursday,134,127.23833333333332
2023-11-02,S005,P0009,Groceries,North,2023,11,2,Thursday,161,160.632125
2023-11-03,S001,P0009,Clothing,North,2023,11,3,Friday,126,125.76676893939396
2023-11-03,S002,P0009,Groceries,South,2023,11,3,Friday,162,168.50735278610279
2023-11-03,S003,P0009,Groceries,East,2023,11,3,Friday,158,143.66241666666664
2023-11-03,S004,P0009,Clothing,West,2023,11,3,Friday,101,106.444375
2023-11-03,S005,P0009,Groceries,North,2023,11,3,Friday,74,67.31666666666666
2023-11-04,S001,P0009,Clothing,North,2023,11,4,Saturday,94,87.48767857142857
2023-11-04,S002,P0009,Groceries,South,2023,11,4,Saturday,144,138.38137554112555
2023-11-04,S003,P0009,Groceries,East,2023,11,4,Saturday,115,117.41833333333334
2023-11-04,S004,P0009,Clothing,West,2023,11,4,Saturday,82,82.47454166666667
2023-11-04,S005,P0009,Groceries,North,2023,11,4,Saturday,58,69.21666666666665
2023-11-05,S001,P0009,Clothing,North,2023,11,5,Sunday,69,56.84297186147187
2023-11-05,S002,P0009,Groceries,South,2023,11,5,Sunday,107,104.23106881462762
2023-11-05,S003,P0009,Groceries,East,2023,11,5,Sunday,133,118.87451974988791
2023-11-05,S004,P0009,Clothing,West,2023,11,5,Sunday,155,163.89
2023-11-05,S005,P0009,Groceries,North,2023,11,5,Sunday,139,149.27255952380955
2023-11-06,S001,P0009,Clothing,North,2023,11,6,Monday,165,164.10583333333335
2023-11-06,S002,P0009,Groceries,South,2023,11,6,Monday,74,83.22742184007083
2023-11-06,S003,P0009,Groceries,East,2023,11,6,Monday,119,126.33999750943502
2023-11-06,S004,P0009,Clothing,West,2023,11,6,Monday,76,71.944375
2023-11-06,S005,P0009,Groceries,North,2023,11,6,Monday,98,82.52775992757245
2023-11-07,S001,P0009,Clothing,North,2023,11,7,Tuesday,104,96.1905699023199
2023-11-07,S002,P0009,Groceries,South,2023,11,7,Tuesday,113,123.6924246105202
2023-11-07,S003,P0009,Groceries,East,2023,11,7,Tuesday,141,143.7643993065054
2023-11-07,S004,P0009,Clothing,West,2023,11,7,Tuesday,47,48.86
2023-11-07,S005,P0009,Groceries,North,2023,11,7,Tuesday,80,77.26007233044734
2023-11-08,S001,P0009,Clothing,North,2023,11,8,Wednesday,126,118.53399404761905
2023-11-08,S002,P0009,Groceries,South,2023,11,8,Wednesday,139,124.46541666666666
2023-11-08,S003,P0009,Groceries,East,2023,11,8,Wednesday,111,102.965
2023-11-08,S004,P0009,Clothing,West,2023,11,8,Wednesday,91,97.43833333333333
2023-11-08,S005,P0009,Groceries,North,2023,11,8,Wednesday,125,131.76775
2023-11-09,S001,P0009,Clothing,North,2023,11,9,Thursday,95,98.67465781440784
2023-11-09,S002,P0009,Groceries,South,2023,11,9,Thursday,125,117.08476624837145
2023-11-09,S003,P0009,Groceries,East,2023,11,9,Thursday,172,180.4245714285714
2023-11-09,S004,P0009,Clothing,West,2023,11,9,Thursday,92,107.51046402771635
2023-11-09,S005,P0009,Groceries,North,2023,11,9,Thursday,146,140.795
2023-11-10,S001,P0009,Clothing,North,2023,11,10,Friday,87,96.40821901709401
2023-11-10,S002,P0009,Groceries,South,2023,11,10,Friday,91,84.03968347467804
2023-11-10,S003,P0009,Groceries,East,2023,11,10,Friday,121,113.48975684718329
2023-11-10,S004,P0009,Clothing,West,2023,11,10,Friday,75,88.28753787878787
2023-11-10,S005,P0009,Groceries,North,2023,11,10,Friday,103,103.88540603769633
2023-11-11,S001,P0009,Clothing,North,2023,11,11,Saturday,154,159.57583333333335
2023-11-11,S002,P0009,Groceries,South,2023,11,11,Saturday,131,123.16465785603286
2023-11-11,S003,P0009,Groceries,East,2023,11,11,Saturday,185,188.58708333333337
2023-11-11,S004,P0009,Clothing,West,2023,11,11,Saturday,103,112.19930952380953
2023-11-11,S005,P0009,Groceries,North,2023,11,11,Saturday,87,84.94610001803753
2023-11-12,S001,P0009,Clothing,North,2023,11,12,Sunday,150,135.8222420634921
2023-11-12,S002,P0009,Groceries,South,2023,11,12,Sunday,66,78.99183310439561
2023-11-12,S003,P0009,Groceries,East,2023,11,12,Sunday,101,96.51708333333335
2023-11-12,S004,P0009,Clothing,West,2023,11,12,Sunday,94,101.06770396270399
2023-11-12,S005,P0009,Groceries,North,2023,11,12,Sunday,50,54.348613095238086
2023-11-13,S001,P0009,Clothing,North,2023,11,13,Monday,139,131.63944444444448
2023-11-13,S002,P0009,Groceries,South,2023,11,13,Monday,136,135.52944444444444
2023-11-13,S003,P0009,Groceries,East,2023,11,13,Monday,108,98.50742105263159
2023-11-13,S004,P0009,Clothing,West,2023,11,13,Monday,98,88.57
2023-11-13,S005,P0009,Groceries,North,2023,11,13,Monday,67,70.82833333333335
2023-11-14,S001,P0009,Clothing,North,2023,11,14,Tuesday,204,197.04
2023-11-14,S002,P0009,Groceries,South,2023,11,14,Tuesday,147,143.76877777777779
2023-11-14,S003,P0009,Groceries,East,2023,11,14,Tuesday,188,188.56650000000002
2023-11-14,S004,P0009,Clothing,West,2023,11,14,Tuesday,113,123.22333333333331
2023-11-14,S005,P0009,Groceries,North,2023,11,14,Tuesday,186,169.86375
2023-11-15,S001,P0009,Clothing,North,2023,11,15,Wednesday,48,42.61953174603175
2023-11-15,S002,P0009,Groceries,South,2023,11,15,Wednesday,64,76.29530156118393
2023-11-15,S003,P0009,Groceries,East,2023,11,15,Wednesday,190,192.00708333333333
2023-11-15,S004,P0009,Clothing,West,2023,11,15,Wednesday,121,109.94528654188949
2023-11-15,S005,P0009,Groceries,North,2023,11,15,Wednesday,42,53.52765612859362
2023-11-16,S001,P0009,Clothing,North,2023,11,16,Thursday,55,44.87265873015874
2023-11-16,S002,P0009,Groceries,South,2023,11,16,Thursday,75,85.30800327987282
2023-11-16,S003,P0009,Groceries,East,2023,11,16,Thursday,126,123.45459754134755
2023-11-16,S004,P0009,Clothing,West,2023,11,16,Thursday,98,89.87808116883116
2023-11-16,S005,P0009,Groceries,North,2023,11,16,Thursday,129,124.07573634943486
2023-11-17,S001,P0009,Clothing,North,2023,11,17,Friday,82,85.77801480277118
2023-11-17,S002,P0009,Groceries,South,2023,11,17,Friday,138,133.26274801587303
2023-11-17,S003,P0009,Groceries,East,2023,11,17,Friday,39,43.035
2023-11-17,S004,P0009,Clothing,West,2023,11,17,Friday,95,100.76224242424242
2023-11-17,S005,P0009,Groceries,North,2023,11,17,Friday,112,103.84980215291245
2023-11-18,S001,P0009,Clothing,North,2023,11,18,Saturday,137,144.64233333333334
2023-11-18,S002,P0009,Groceries,South,2023,11,18,Saturday,169,156.11319444444445
2023-11-18,S003,P0009,Groceries,East,2023,11,18,Saturday,155,149.44357142857143
2023-11-18,S004,P0009,Clothing,West,2023,11,18,Saturday,77,80.96
2023-11-18,S005,P0009,Groceries,North,2023,11,18,Saturday,158,146.01338851589588
2023-11-19,S001,P0009,Clothing,North,2023,11,19,Sunday,45,54.04506709956709
2023-11-19,S002,P0009,Groceries,South,2023,11,19,Sunday,178,184.2737425074925
2023-11-19,S003,P0009,Groceries,East,2023,11,19,Sunday,181,186.78349999999998
2023-11-19,S004,P0009,Clothing,West,2023,11,19,Sunday,75,82.62491666666666
2023-11-19,S005,P0009,Groceries,North,2023,11,19,Sunday,99,89.77166287878786
2023-11-20,S001,P0009,Clothing,North,2023,11,20,Monday,110,123.63237721755368
2023-11-20,S002,P0009,Groceries,South,2023,11,20,Monday,139,134.5380855590488
2023-11-20,S003,P0009,Groceries,East,2023,11,20,Monday,133,125.95881271506269
2023-11-20,S004,P0009,Clothing,West,2023,11,20,Monday,38,47.1615
2023-11-20,S005,P0009,Groceries,North,2023,11,20,Monday,103,109.00685027713831
2023-11-21,S001,P0009,Clothing,North,2023,11,21,Tuesday,87,96.13123015873016
2023-11-21,S002,P0009,Groceries,South,2023,11,21,Tuesday,142,135.7537683982684
2023-11-21,S003,P0009,Groceries,East,2023,11,21,Tuesday,108,102.59
2023-11-21,S004,P0009,Clothing,West,2023,11,21,Tuesday,118,119.45670588235292
2023-11-21,S005,P0009,Groceries,North,2023,11,21,Tuesday,105,99.07283730158731
2023-11-22,S001,P0009,Clothing,North,2023,11,22,Wednesday,142,134.44673459690893
2023-11-22,S002,P0009,Groceries,South,2023,11,22,Wednesday,90,84.84074621212119
2023-11-22,S003,P0009,Groceries,East,2023,11,22,Wednesday,100,98.29208333333334
2023-11-22,S004,P0009,Clothing,West,2023,11,22,Wednesday,122,128.26345833333335
2023-11-22,S005,P0009,Groceries,North,2023,11,22,Wednesday,121,137.4205833333333
2023-11-23,S001,P0009,Clothing,North,2023,11,23,Thursday,125,117.76838206055642
2023-11-23,S002,P0009,Groceries,South,2023,11,23,Thursday,107,101.40669393000434
2023-11-23,S003,P0009,Groceries,East,2023,11,23,Thursday,138,129.6530179015429
2023-11-23,S004,P0009,Clothing,West,2023,11,23,Thursday,88,86.71333333333332
2023-11-23,S005,P0009,Groceries,North,2023,11,23,Thursday,96,93.90625654037227
2023-11-24,S001,P0009,Clothing,North,2023,11,24,Friday,130,135.9700992063492
2023-11-24,S002,P0009,Groceries,South,2023,11,24,Friday,129,140.93148713786218
2023-11-24,S003,P0009,Groceries,East,2023,11,24,Friday,90,78.10166666666667
2023-11-24,S004,P0009,Clothing,West,2023,11,24,Friday,70,67.248
2023-11-24,S005,P0009,Groceries,North,2023,11,24,Friday,135,123.83711315889992
2023-11-25,S001,P0009,Clothing,North,2023,11,25,Saturday,180,194.67333333333335
2023-11-25,S002,P0009,Groceries,South,2023,11,25,Saturday,206,201.72559523809522
2023-11-25,S003,P0009,Groceries,East,2023,11,25,Saturday,144,135.635
2023-11-25,S004,P0009,Clothing,West,2023,11,25,Saturday,91,83.0975
2023-11-25,S005,P0009,Groceries,North,2023,11,25,Saturday,138,145.19715151515152
2023-11-26,S001,P0009,Clothing,North,2023,11,26,Sunday,117,112.39641422466423
2023-11-26,S002,P0009,Groceries,South,2023,11,26,Sunday,61,62.7831553140487
2023-11-26,S003,P0009,Groceries,East,2023,11,26,Sunday,89,95.95002777777779
2023-11-26,S004,P0009,Clothing,West,2023,11,26,Sunday,94,102.99916666666667
2023-11-26,S005,P0009,Groceries,North,2023,11,26,Sunday,122,110.23856608353287
2023-11-27,S001,P0009,Clothing,North,2023,11,27,Monday,212,189.23
2023-11-27,S002,P0009,Groceries,South,2023,11,27,Monday,35,39.995
2023-11-27,S003,P0009,Groceries,East,2023,11,27,Monday,109,117.4110344093626
2023-11-27,S004,P0009,Clothing,West,2023,11,27,Monday,63,73.0639558080808
2023-11-27,S005,P0009,Groceries,North,2023,11,27,Monday,123,134.43164285714286
2023-11-28,S001,P0009,Clothing,North,2023,11,28,Tuesday,180,163.6843629379288
2023-11-28,S002,P0009,Groceries,South,2023,11,28,Tuesday,199,183.2
2023-11-28,S003,P0009,Groceries,East,2023,11,28,Tuesday,172,178.8125
2023-11-28,S004,P0009,Clothing,West,2023,11,28,Tuesday,151,149.05
2023-11-28,S005,P0009,Groceries,North,2023,11,28,Tuesday,119,110.82030357142855
2023-11-29,S001,P0009,Clothing,North,2023,11,29,Wednesday,46,49.99872619047619
2023-11-29,S002,P0009,Groceries,South,2023,11,29,Wednesday,84,94.45007800532801
2023-11-29,S003,P0009,Groceries,East,2023,11,29,Wednesday,204,189.653
2023-11-29,S004,P0009,Clothing,West,2023,11,29,Wednesday,55,60.405
2023-11-29,S005,P0009,Groceries,North,2023,11,29,Wednesday,129,126.17127670613698
2023-11-30,S001,P0009,Clothing,North,2023,11,30,Thursday,154,148.80322051924682
2023-11-30,S002,P0009,Groceries,South,2023,11,30,Thursday,61,50.66
2023-11-30,S003,P0009,Groceries,East,2023,11,30,Thursday,91,102.11852035464536
2023-11-30,S004,P0009,Clothing,West,2023,11,30,Thursday,126,110.13
2023-11-30,S005,P0009,Groceries,North,2023,11,30,Thursday,111,108.54346707006755
2023-12-01,S001,P0009,Clothing,North,2023,12,1,Friday,152,136.24723842351878
2023-12-01,S002,P0009,Groceries,South,2023,12,1,Friday,118,122.91916666666665
2023-12-01,S003,P0009,Groceries,East,2023,12,1,Friday,83,81.44
2023-12-01,S004,P0009,Clothing,West,2023,12,1,Friday,52,66.445
2023-12-02,S001,P0009,Clothing,North,2023,12,2,Saturday,204,176.84400000000002
2023-12-02,S002,P0009,Groceries,South,2023,12,2,Saturday,143,146.0332795815296
2023-12-02,S003,P0009,Groceries,East,2023,12,2,Saturday,94,103.79383333333334
2023-12-02,S004,P0009,Clothing,West,2023,12,2,Saturday,124,113.711875
2023-12-02,S005,P0009,Groceries,North,2023,12,2,Saturday,130,125.48320214181241
2023-12-03,S001,P0009,Clothing,North,2023,12,3,Sunday,162,154.39583333333334
2023-12-03,S002,P0009,Groceries,South,2023,12,3,Sunday,67,74.225
2023-12-03,S003,P0009,Groceries,East,2023,12,3,Sunday,169,148.45857142857142
2023-12-03,S004,P0009,Clothing,West,2023,12,3,Sunday,118,101.43833333333332
2023-12-03,S005,P0009,Groceries,North,2023,12,3,Sunday,154,157.903
2023-12-04,S001,P0009,Clothing,North,2023,12,4,Monday,188,177.727
2023-12-04,S002,P0009,Groceries,South,2023,12,4,Monday,181,193.20642857142855
2023-12-04,S003,P0009,Groceries,East,2023,12,4,Monday,162,155.7
2023-12-04,S004,P0009,Clothing,West,2023,12,4,Monday,59,67.76
2023-12-04,S005,P0009,Groceries,North,2023,12,4,Monday,147,154.47716113053613
2023-12-05,S001,P0009,Clothing,North,2023,12,5,Tuesday,181,170.334
2023-12-05,S002,P0009,Groceries,South,2023,12,5,Tuesday,89,102.1148763627676
2023-12-05,S003,P0009,Groceries,East,2023,12,5,Tuesday,118,113.78497034909536
2023-12-05,S004,P0009,Clothing,West,2023,12,5,Tuesday,175,170.125
2023-12-05,S005,P0009,Groceries,North,2023,12,5,Tuesday,69,74.20166666666667
2023-12-06,S001,P0009,Clothing,North,2023,12,6,Wednesday,37,61.685
2023-12-06,S002,P0009,Groceries,South,2023,12,6,Wednesday,91,104.07855197580199
2023-12-06,S005,P0009,Groceries,North,2023,12,6,Wednesday,199,179.92
2023-12-07,S001,P0009,Clothing,North,2023,12,7,Thursday,188,177.345
2023-12-07,S002,P0009,Groceries,South,2023,12,7,Thursday,186,189.91084325396824
2023-12-07,S003,P0009,Groceries,East,2023,12,7,Thursday,179,180.52777777777777
2023-12-07,S004,P0009,Clothing,West,2023,12,7,Thursday,187,179.745
2023-12-07,S005,P0009,Groceries,North,2023,12,7,Thursday,171,155.895
2023-12-08,S002,P0009,Groceries,South,2023,12,8,Friday,166,172.81723701298705
2023-12-08,S003,P0009,Groceries,East,2023,12,8,Friday,183,171.8477619047619
2023-12-08,S004,P0009,Clothing,West,2023,12,8,Friday,161,179.51
2023-12-08,S005,P0009,Groceries,North,2023,12,8,Friday,175,159.85358333333335
2023-12-09,S001,P0009,Clothing,North,2023,12,9,Saturday,125,131.2378612794211
2023-12-09,S002,P0009,Groceries,South,2023,12,9,Saturday,159,151.62685492285493
2023-12-09,S003,P0009,Groceries,East,2023,12,9,Saturday,140,130.33611089412386
2023-12-09,S004,P0009,Clothing,West,2023,12,9,Saturday,123,113.07
2023-12-09,S005,P0009,Groceries,North,2023,12,9,Saturday,158,162.33520685564437
2023-12-10,S001,P0009,Clothing,North,2023,12,10,Sunday,220,211.35125
2023-12-10,S002,P0009,Groceries,South,2023,12,10,Sunday,92,83.0289713774787
2023-12-10,S003,P0009,Groceries,East,2023,12,10,Sunday,165,153.32905952380952
2023-12-10,S004,P0009,Clothing,West,2023,12,10,Sunday,137,124.54357142857143
2023-12-10,S005,P0009,Groceries,North,2023,12,10,Sunday,124,127.37113635792315
2023-12-11,S001,P0009,Clothing,North,2023,12,11,Monday,84,83.14869237405107
2023-12-11,S002,P0009,Groceries,South,2023,12,11,Monday,152,147.86057326701078
2023-12-11,S003,P0009,Groceries,East,2023,12,11,Monday,167,170.34166666666664
2023-12-11,S004,P0009,Clothing,West,2023,12,11,Monday,192,169.225
2023-12-11,S005,P0009,Groceries,North,2023,12,11,Monday,68,62.03248809523809
2023-12-12,S003,P0009,Groceries,East,2023,12,12,Tuesday,150,135.80541666666667
2023-12-12,S004,P0009,Clothing,West,2023,12,12,Tuesday,142,140.995
2023-12-12,S005,P0009,Groceries,North,2023,12,12,Tuesday,160,166.6670595238096
2023-12-13,S002,P0009,Groceries,South,2023,12,13,Wednesday,182,167.99585248085248
2023-12-13,S004,P0009,Clothing,West,2023,12,13,Wednesday,178,163.925
2023-12-14,S001,P0009,Clothing,North,2023,12,14,Thursday,102,99.33777854090353
2023-12-14,S002,P0009,Groceries,South,2023,12,14,Thursday,193,188.17613095238096
2023-12-14,S003,P0009,Groceries,East,2023,12,14,Thursday,130,144.4771106992793
2023-12-14,S004,P0009,Clothing,West,2023,12,14,Thursday,93,81.08000000000001
2023-12-14,S005,P0009,Groceries,North,2023,12,14,Thursday,124,128.0919687812188
2023-12-15,S001,P0009,Clothing,North,2023,12,15,Friday,214,187.34
2023-12-15,S002,P0009,Groceries,South,2023,12,15,Friday,130,140.49623525476932
2023-12-15,S003,P0009,Groceries,East,2023,12,15,Friday,97,89.885
2023-12-15,S004,P0009,Clothing,West,2023,12,15,Friday,74,84.30349783549784
2023-12-15,S005,P0009,Groceries,North,2023,12,15,Friday,111,102.83750453386483
2023-12-16,S001,P0009,Clothing,North,2023,12,16,Saturday,177,170.52607267182236
2023-12-16,S002,P0009,Groceries,South,2023,12,16,Saturday,88,94.57213765401268
2023-12-16,S003,P0009,Groceries,East,2023,12,16,Saturday,69,75.545
2023-12-16,S004,P0009,Clothing,West,2023,12,16,Saturday,77,68.80875
2023-12-16,S005,P0009,Groceries,North,2023,12,16,Saturday,83,73.54208333333334
2023-12-17,S001,P0009,Clothing,North,2023,12,17,Sunday,92,90.32509523809522
2023-12-17,S002,P0009,Groceries,South,2023,12,17,Sunday,127,123.80983333333332
2023-12-17,S003,P0009,Groceries,East,2023,12,17,Sunday,172,151.57041666666666
2023-12-17,S004,P0009,Clothing,West,2023,12,17,Sunday,121,129.82
2023-12-17,S005,P0009,Groceries,North,2023,12,17,Sunday,179,191.23833333333332
2023-12-18,S001,P0009,Clothing,North,2023,12,18,Monday,136,124.31068434343435
2023-12-18,S002,P0009,Groceries,South,2023,12,18,Monday,194,180.78410714285712
2023-12-18,S003,P0009,Groceries,East,2023,12,18,Monday,152,143.10857142857142
2023-12-18,S004,P0009,Clothing,West,2023,12,18,Monday,112,118.04114285714286
2023-12-19,S001,P0009,Clothing,North,2023,12,19,Tuesday,214,176.34625
2023-12-19,S002,P0009,Groceries,South,2023,12,19,Tuesday,83,78.83406069543203
2023-12-19,S003,P0009,Groceries,East,2023,12,19,Tuesday,106,100.64260698146883
2023-12-19,S004,P0009,Clothing,West,2023,12,19,Tuesday,113,115.88634325396826
2023-12-19,S005,P0009,Groceries,North,2023,12,19,Tuesday,151,157.23583333333335
2023-12-20,S001,P0009,Clothing,North,2023,12,20,Wednesday,174,167.61583333333337
2023-12-20,S002,P0009,Groceries,South,2023,12,20,Wednesday,124,122.98138910950796
2023-12-20,S003,P0009,Groceries,East,2023,12,20,Wednesday,113,127.41074222863193
2023-12-20,S004,P0009,Clothing,West,2023,12,20,Wednesday,88,83.84232323232324
2023-12-20,S005,P0009,Groceries,North,2023,12,20,Wednesday,96,109.05177846006649
2023-12-21,S001,P0009,Clothing,North,2023,12,21,Thursday,134,120.43177124591095
2023-12-21,S002,P0009,Groceries,South,2023,12,21,Thursday,174,175.09688437950942
2023-12-21,S003,P0009,Groceries,East,2023,12,21,Thursday,116,136.91857142857143
2023-12-21,S004,P0009,Clothing,West,2023,12,21,Thursday,162,159.78
2023-12-21,S005,P0009,Groceries,North,2023,12,21,Thursday,148,138.8481111111111
2023-12-22,S001,P0009,Clothing,North,2023,12,22,Friday,143,148.60819440956172
2023-12-22,S002,P0009,Groceries,South,2023,12,22,Friday,81,89.17706733707473
2023-12-22,S003,P0009,Groceries,East,2023,12,22,Friday,70,78.15166666666666
2023-12-22,S004,P0009,Clothing,West,2023,12,22,Friday,90,98.84875
2023-12-22,S005,P0009,Groceries,North,2023,12,22,Friday,118,112.28145264943917
2023-12-23,S001,P0009,Clothing,North,2023,12,23,Saturday,98,104.24249864718612
2023-12-23,S002,P0009,Groceries,South,2023,12,23,Saturday,160,161.00087053877493
2023-12-23,S003,P0009,Groceries,East,2023,12,23,Saturday,126,118.65171667984576
2023-12-23,S004,P0009,Clothing,West,2023,12,23,Saturday,45,47.595
2023-12-23,S005,P0009,Groceries,North,2023,12,23,Saturday,115,117.91258333333333
2023-12-24,S001,P0009,Clothing,North,2023,12,24,Sunday,113,106.75812780112048
2023-12-24,S002,P0009,Groceries,South,2023,12,24,Sunday,85,73.93021596046714
2023-12-24,S003,P0009,Groceries,East,2023,12,24,Sunday,125,137.73513292764582
2023-12-24,S004,P0009,Clothing,West,2023,12,24,Sunday,89,80.89500000000001
2023-12-24,S005,P0009,Groceries,North,2023,12,24,Sunday,117,123.31355176767676
2023-12-25,S001,P0009,Clothing,North,2023,12,25,Monday,85,96.51653647741145
2023-12-25,S002,P0009,Groceries,South,2023,12,25,Monday,110,98.48315445738473
2023-12-25,S003,P0009,Groceries,East,2023,12,25,Monday,60,70.09
2023-12-25,S004,P0009,Clothing,West,2023,12,25,Monday,140,132.84333333333333
2023-12-25,S005,P0009,Groceries,North,2023,12,25,Monday,66,63.729501984126976
2023-12-26,S001,P0009,Clothing,North,2023,12,26,Tuesday,189,179.35583333333335
2023-12-26,S003,P0009,Groceries,East,2023,12,26,Tuesday,203,176.97607142857146
2023-12-26,S004,P0009,Clothing,West,2023,12,26,Tuesday,111,120.355
2023-12-26,S005,P0009,Groceries,North,2023,12,26,Tuesday,86,103.2275
2023-12-27,S001,P0009,Clothing,North,2023,12,27,Wednesday,99,88.86665767973855
2023-12-27,S002,P0009,Groceries,South,2023,12,27,Wednesday,105,95.7189790764791
2023-12-27,S003,P0009,Groceries,East,2023,12,27,Wednesday,39,38.75
2023-12-27,S004,P0009,Clothing,West,2023,12,27,Wednesday,131,132.30375
2023-12-27,S005,P0009,Groceries,North,2023,12,27,Wednesday,102,108.55312296282148
2023-12-28,S001,P0009,Clothing,North,2023,12,28,Thursday,85,77.4879555999556
2023-12-28,S002,P0009,Groceries,South,2023,12,28,Thursday,66,73.95274544817927
2023-12-28,S003,P0009,Groceries,East,2023,12,28,Thursday,59,65.99014285714286
2023-12-28,S004,P0009,Clothing,West,2023,12,28,Thursday,103,95.5675
2023-12-28,S005,P0009,Groceries,North,2023,12,28,Thursday,92,83.32127645434632
2023-12-29,S001,P0009,Clothing,North,2023,12,29,Friday,137,144.43721214896217
2023-12-29,S002,P0009,Groceries,South,2023,12,29,Friday,128,114.05977904040402
2023-12-29,S003,P0009,Groceries,East,2023,12,29,Friday,92,92.97607478632479
2023-12-29,S004,P0009,Clothing,West,2023,12,29,Friday,107,115.32733333333331
2023-12-29,S005,P0009,Groceries,North,2023,12,29,Friday,110,99.06266793255764
2023-12-30,S001,P0009,Clothing,North,2023,12,30,Saturday,89,95.39857176157179
2023-12-30,S002,P0009,Groceries,South,2023,12,30,Saturday,74,82.83292111279245
2023-12-30,S003,P0009,Groceries,East,2023,12,30,Saturday,76,67.445
2023-12-30,S004,P0009,Clothing,West,2023,12,30,Saturday,40,48.36
2023-12-30,S005,P0009,Groceries,North,2023,12,30,Saturday,49,66.50829563492061
2023-12-31,S001,P0009,Clothing,North,2023,12,31,Sunday,146,134.75448809523806
2023-12-31,S002,P0009,Groceries,South,2023,12,31,Sunday,35,44.23
2023-12-31,S003,P0009,Groceries,East,2023,12,31,Sunday,68,78.045
2023-12-31,S004,P0009,Clothing,West,2023,12,31,Sunday,143,130.869
2023-12-31,S005,P0009,Groceries,North,2023,12,31,Sunday,65,65.25038257575757
2024-01-01,S001,P0009,Clothing,North,2024,1,1,Monday,76,72.77406656537909
2024-01-01,S002,P0009,Groceries,South,2024,1,1,Monday,89,83.77942153679655
2024-01-01,S003,P0009,Groceries,East,2024,1,1,Monday,86,95.40863972138972
2024-01-01,S004,P0009,Clothing,West,2024,1,1,Monday,121,135.228125
2024-01-01,S005,P0009,Groceries,North,2024,1,1,Monday,90,97.23379179154179
2024-01-02,S001,P0009,Clothing,North,2024,1,2,Tuesday,213,197.338125
2024-01-02,S002,P0009,Groceries,South,2024,1,2,Tuesday,116,97.795
2024-01-02,S003,P0009,Groceries,East,2024,1,2,Tuesday,59,66.435
2024-01-02,S004,P0009,Clothing,West,2024,1,2,Tuesday,166,168.245
2024-01-02,S005,P0009,Groceries,North,2024,1,2,Tuesday,77,81.91842857142856
2024-01-03,S001,P0009,Clothing,North,2024,1,3,Wednesday,93,99.86777350427352
2024-01-03,S002,P0009,Groceries,South,2024,1,3,Wednesday,80,84.10033973665224
2024-01-03,S003,P0009,Groceries,East,2024,1,3,Wednesday,73,83.49375
2024-01-03,S004,P0009,Clothing,West,2024,1,3,Wednesday,115,121.03913909774435
2024-01-03,S005,P0009,Groceries,North,2024,1,3,Wednesday,26,51.51796049783548
2024-01-04,S001,P0009,Clothing,North,2024,1,4,Thursday,146,134.42404761904763
2024-01-04,S002,P0009,Groceries,South,2024,1,4,Thursday,44,54.235
2024-01-04,S003,P0009,Groceries,East,2024,1,4,Thursday,49,49.89
2024-01-04,S004,P0009,Clothing,West,2024,1,4,Thursday,116,108.80058928571428
2024-01-04,S005,P0009,Groceries,North,2024,1,4,Thursday,72,68.58981331168832
2024-01-05,S001,P0009,Clothing,North,2024,1,5,Friday,50,70.57891259873169
2024-01-05,S002,P0009,Groceries,South,2024,1,5,Friday,66,75.56759226190478
2024-01-05,S003,P0009,Groceries,East,2024,1,5,Friday,69,67.528
2024-01-05,S004,P0009,Clothing,West,2024,1,5,Friday,188,186.83
2024-01-05,S005,P0009,Groceries,North,2024,1,5,Friday,62,70.80116396103895
2024-01-06,S001,P0009,Clothing,North,2024,1,6,Saturday,132,122.18533333333333
2024-01-06,S002,P0009,Groceries,South,2024,1,6,Saturday,92,106.95833333333331
2024-01-06,S003,P0009,Groceries,East,2024,1,6,Saturday,57,57.84875
2024-01-06,S004,P0009,Clothing,West,2024,1,6,Saturday,195,184.955
2024-01-06,S005,P0009,Groceries,North,2024,1,6,Saturday,100,93.2784356060606
2024-01-07,S001,P0009,Clothing,North,2024,1,7,Sunday,153,146.7735200341006
2024-01-07,S002,P0009,Groceries,South,2024,1,7,Sunday,120,115.50040542790539
2024-01-07,S003,P0009,Groceries,East,2024,1,7,Sunday,40,49.17
2024-01-07,S004,P0009,Clothing,West,2024,1,7,Sunday,110,99.36625
2024-01-07,S005,P0009,Groceries,North,2024,1,7,Sunday,62,65.90001587301586
2024-01-08,S001,P0009,Clothing,North,2024,1,8,Monday,139,131.25089549156982
2024-01-08,S002,P0009,Groceries,South,2024,1,8,Monday,91,86.79783225108224
2024-01-08,S003,P0009,Groceries,East,2024,1,8,Monday,47,63.165
2024-01-08,S004,P0009,Clothing,West,2024,1,8,Monday,132,119.2480200501253
2024-01-08,S005,P0009,Groceries,North,2024,1,8,Monday,71,62.42585119047619
2024-01-09,S001,P0009,Clothing,North,2024,1,9,Tuesday,140,116.78260028860028
2024-01-09,S002,P0009,Groceries,South,2024,1,9,Tuesday,150,139.21844774914626
2024-01-09,S003,P0009,Groceries,East,2024,1,9,Tuesday,138,142.7662136752137
2024-01-09,S004,P0009,Clothing,West,2024,1,9,Tuesday,82,67.94358333333334
2024-01-09,S005,P0009,Groceries,North,2024,1,9,Tuesday,75,89.21016666666667
2024-01-10,S001,P0009,Clothing,North,2024,1,10,Wednesday,103,92.81042244846658
2024-01-10,S002,P0009,Groceries,South,2024,1,10,Wednesday,106,97.49894817682316
2024-01-10,S003,P0009,Groceries,East,2024,1,10,Wednesday,88,98.80558333333335
2024-01-10,S004,P0009,Clothing,West,2024,1,10,Wednesday,125,114.66953403540906
2024-01-10,S005,P0009,Groceries,North,2024,1,10,Wednesday,105,95.43294404279932
2024-01-11,S001,P0009,Clothing,North,2024,1,11,Thursday,201,198.16125
2024-01-11,S002,P0009,Groceries,South,2024,1,11,Thursday,109,114.14235714285716
2024-01-11,S003,P0009,Groceries,East,2024,1,11,Thursday,175,177.18878869047617
2024-01-11,S004,P0009,Clothing,West,2024,1,11,Thursday,142,125.11472222222223
2024-01-11,S005,P0009,Groceries,North,2024,1,11,Thursday,115,109.49125326062824
2024-01-12,S001,P0009,Clothing,North,2024,1,12,Friday,112,122.29610424605066
2024-01-12,S002,P0009,Groceries,South,2024,1,12,Friday,116,104.28303917841417
2024-01-12,S003,P0009,Groceries,East,2024,1,12,Friday,106,99.36357142857143
2024-01-12,S004,P0009,Clothing,West,2024,1,12,Friday,101,116.87525320512822
2024-01-12,S005,P0009,Groceries,North,2024,1,12,Friday,219,208.01
2024-01-13,S001,P0009,Clothing,North,2024,1,13,Saturday,145,156.28140735571617
2024-01-13,S002,P0009,Groceries,South,2024,1,13,Saturday,138,142.62528557553557
2024-01-13,S003,P0009,Groceries,East,2024,1,13,Saturday,102,114.8926243064469
2024-01-13,S004,P0009,Clothing,West,2024,1,13,Saturday,118,122.33710714285715
2024-01-13,S005,P0009,Groceries,North,2024,1,13,Saturday,170,160.86385620098852
2024-01-14,S001,P0009,Clothing,North,2024,1,14,Sunday,99,83.7191821550604
2024-01-14,S002,P0009,Groceries,South,2024,1,14,Sunday,111,101.03048514911012
2024-01-14,S003,P0009,Groceries,East,2024,1,14,Sunday,81,72.21090909090908
2024-01-14,S004,P0009,Clothing,West,2024,1,14,Sunday,89,98.40763095238096
2024-01-14,S005,P0009,Groceries,North,2024,1,14,Sunday,136,144.38888888888889
2024-01-15,S001,P0009,Clothing,North,2024,1,15,Monday,97,85.05463833715302
2024-01-15,S002,P0009,Groceries,South,2024,1,15,Monday,71,85.30997023809523
2024-01-15,S003,P0009,Groceries,East,2024,1,15,Monday,131,142.92407281403237
2024-01-15,S004,P0009,Clothing,West,2024,1,15,Monday,88,84.4559898989899
2024-01-15,S005,P0009,Groceries,North,2024,1,15,Monday,103,95.68996226836029
2024-01-16,S002,P0009,Groceries,South,2024,1,16,Tuesday,123,128.46309523809524
2024-01-16,S003,P0009,Groceries,East,2024,1,16,Tuesday,110,122.4768577476445
2024-01-16,S004,P0009,Clothing,West,2024,1,16,Tuesday,169,149.88825
2024-01-16,S005,P0009,Groceries,North,2024,1,16,Tuesday,70,66.04
2024-01-17,S001,P0009,Clothing,North,2024,1,17,Wednesday,184,179.70889285714284
2024-01-17,S002,P0009,Groceries,South,2024,1,17,Wednesday,184,172.50558333333333
2024-01-17,S003,P0009,Groceries,East,2024,1,17,Wednesday,161,167.78510714285716
2024-01-17,S004,P0009,Clothing,West,2024,1,17,Wednesday,99,100.35
2024-01-17,S005,P0009,Groceries,North,2024,1,17,Wednesday,128,135.8410274582228
2024-01-18,S001,P0009,Clothing,North,2024,1,18,Thursday,141,135.46363579657063
2024-01-18,S002,P0009,Groceries,South,2024,1,18,Thursday,150,162.17332334781236
2024-01-18,S003,P0009,Groceries,East,2024,1,18,Thursday,24,43.2
2024-01-18,S004,P0009,Clothing,West,2024,1,18,Thursday,110,104.22016885964915
2024-01-18,S005,P0009,Groceries,North,2024,1,18,Thursday,159,146.81039061673619
2024-01-19,S001,P0009,Clothing,North,2024,1,19,Friday,100,102.42345757895488
2024-01-19,S002,P0009,Groceries,South,2024,1,19,Friday,80,76.60389750445634
2024-01-19,S003,P0009,Groceries,East,2024,1,19,Friday,128,125.76785489741744
2024-01-19,S004,P0009,Clothing,West,2024,1,19,Friday,60,72.761875
2024-01-19,S005,P0009,Groceries,North,2024,1,19,Friday,90,88.68362470168722
2024-01-20,S001,P0009,Clothing,North,2024,1,20,Saturday,174,170.64695039682542
2024-01-20,S002,P0009,Groceries,South,2024,1,20,Saturday,139,125.15107647907648
2024-01-20,S003,P0009,Groceries,East,2024,1,20,Saturday,106,105.57700000000001
2024-01-20,S004,P0009,Clothing,West,2024,1,20,Saturday,192,172.84
2024-01-20,S005,P0009,Groceries,North,2024,1,20,Saturday,225,209.785
2024-01-21,S001,P0009,Clothing,North,2024,1,21,Sunday,169,157.2541666666667
2024-01-21,S002,P0009,Groceries,South,2024,1,21,Sunday,157,138.775
2024-01-21,S003,P0009,Groceries,East,2024,1,21,Sunday,133,123.14337166186479
2024-01-21,S004,P0009,Clothing,West,2024,1,21,Sunday,84,97.51
2024-01-21,S005,P0009,Groceries,North,2024,1,21,Sunday,148,152.4425
2024-01-22,S001,P0009,Clothing,North,2024,1,22,Monday,183,168.17190077427546
2024-01-22,S002,P0009,Groceries,South,2024,1,22,Monday,116,108.21563227975726
2024-01-22,S003,P0009,Groceries,East,2024,1,22,Monday,106,120.88688518693901
2024-01-22,S004,P0009,Clothing,West,2024,1,22,Monday,97,88.16086198115609
2024-01-22,S005,P0009,Groceries,North,2024,1,22,Monday,137,128.143
2024-01-23,S001,P0009,Clothing,North,2024,1,23,Tuesday,95,71.65632660787278
2024-01-23,S002,P0009,Groceries,South,2024,1,23,Tuesday,61,50.515
2024-01-23,S003,P0009,Groceries,East,2024,1,23,Tuesday,121,114.61027907083886
2024-01-23,S004,P0009,Clothing,West,2024,1,23,Tuesday,99,98.72379166666667
2024-01-23,S005,P0009,Groceries,North,2024,1,23,Tuesday,59,55.84916399572648
2024-01-24,S001,P0009,Clothing,North,2024,1,24,Wednesday,153,137.07452475483456
2024-01-24,S003,P0009,Groceries,East,2024,1,24,Wednesday,193,189.71033333333332
2024-01-24,S004,P0009,Clothing,West,2024,1,24,Wednesday,176,187.865
2024-01-24,S005,P0009,Groceries,North,2024,1,24,Wednesday,140,134.91813461538462
2024-01-25,S001,P0009,Clothing,North,2024,1,25,Thursday,210,200.61
2024-01-25,S002,P0009,Groceries,South,2024,1,25,Thursday,135,155.1711904761905
2024-01-25,S003,P0009,Groceries,East,2024,1,25,Thursday,180,178.24308333333335
2024-01-25,S004,P0009,Clothing,West,2024,1,25,Thursday,189,184.74
2024-01-25,S005,P0009,Groceries,North,2024,1,25,Thursday,112,119.96232142857141
2024-01-26,S001,P0009,Clothing,North,2024,1,26,Friday,119,114.60078104765604
2024-01-26,S002,P0009,Groceries,South,2024,1,26,Friday,135,135.920437568967
2024-01-26,S003,P0009,Groceries,East,2024,1,26,Friday,94,88.321875
2024-01-26,S004,P0009,Clothing,West,2024,1,26,Friday,168,162.805
2024-01-26,S005,P0009,Groceries,North,2024,1,26,Friday,62,61.08347552447553
2024-01-27,S001,P0009,Clothing,North,2024,1,27,Saturday,198,200.44175000000004
2024-01-27,S002,P0009,Groceries,South,2024,1,27,Saturday,148,165.52545146520148
2024-01-27,S003,P0009,Groceries,East,2024,1,27,Saturday,164,154.47760515873014
2024-01-27,S004,P0009,Clothing,West,2024,1,27,Saturday,175,157.26
2024-01-27,S005,P0009,Groceries,North,2024,1,27,Saturday,92,112.27255555555556
2024-01-28,S001,P0009,Clothing,North,2024,1,28,Sunday,164,166.87960640198108
2024-01-28,S002,P0009,Groceries,South,2024,1,28,Sunday,131,127.67920163170166
2024-01-28,S003,P0009,Groceries,East,2024,1,28,Sunday,103,116.60348124007318
2024-01-28,S004,P0009,Clothing,West,2024,1,28,Sunday,82,90.42703081232492
2024-01-28,S005,P0009,Groceries,North,2024,1,28,Sunday,98,84.96920959048262
2024-01-29,S001,P0009,Clothing,North,2024,1,29,Monday,133,121.03361190134814
2024-01-29,S002,P0009,Groceries,South,2024,1,29,Monday,85,92.04795643245644
2024-01-29,S003,P0009,Groceries,East,2024,1,29,Monday,138,144.22721031746028
2024-01-29,S004,P0009,Clothing,West,2024,1,29,Monday,42,50.725
2024-01-29,S005,P0009,Groceries,North,2024,1,29,Monday,67,80.15945823766874
2024-01-30,S001,P0009,Clothing,North,2024,1,30,Tuesday,84,90.4607755855256
2024-01-30,S002,P0009,Groceries,South,2024,1,30,Tuesday,108,100.69136805786806
2024-01-30,S003,P0009,Groceries,East,2024,1,30,Tuesday,151,141.95694156170632
2024-01-30,S004,P0009,Clothing,West,2024,1,30,Tuesday,127,132.93791666666667
2024-01-30,S005,P0009,Groceries,North,2024,1,30,Tuesday,94,104.07262255393722
